adaugare_materie,2025-05-06T00:45:58.798896400
adaugare_materie,2025-05-06T00:45:58.804898
atribuire_profesor_la_curs,2025-05-06T00:45:58.807897500
inscriere_student_la_curs,2025-05-06T00:45:58.808896300
inregistrare_nota,2025-05-06T00:45:58.809896600
inregistrare_nota,2025-05-06T00:45:58.809896600
medie_student,2025-05-06T00:45:58.809896600
vizualizare_studenti_curs,2025-05-06T00:45:58.815902300
adaugare_materie,2025-05-06T13:48:47.425471200
adaugare_materie,2025-05-06T13:48:47.432476200
atribuire_profesor_la_curs,2025-05-06T13:48:47.463990300
inscriere_student_la_curs,2025-05-06T13:48:47.480986200
inregistrare_nota,2025-05-06T13:48:47.487986500
inregistrare_nota,2025-05-06T13:48:47.487986500
medie_student,2025-05-06T13:48:47.488988900
vizualizare_studenti_curs,2025-05-06T13:48:47.494986400
adaugare_materie,2025-05-06T15:30:48.845537
adaugare_materie,2025-05-06T15:30:48.852537400
atribuire_profesor_la_curs,2025-05-06T15:30:48.854539100
inscriere_student_la_curs,2025-05-06T15:30:48.856538200
inregistrare_nota,2025-05-06T15:30:48.856538200
inregistrare_nota,2025-05-06T15:30:48.857537700
medie_student,2025-05-06T15:30:48.857537700
vizualizare_studenti_curs,2025-05-06T15:30:48.862537800
adaugare_materie,2025-05-07T22:35:05.617455600
adaugare_materie,2025-05-07T22:35:05.624454500
inscriere_student_la_curs,2025-05-07T22:35:05.634472100
inregistrare_nota,2025-05-07T22:35:05.635471100
inregistrare_nota,2025-05-07T22:35:05.635972
adaugare_materie,2025-05-07T22:43:24.921215100
adaugare_materie,2025-05-07T22:43:24.928235800
inscriere_student_la_curs,2025-05-07T22:43:24.931236500
inregistrare_nota,2025-05-07T22:43:24.932236400
inregistrare_nota,2025-05-07T22:43:24.932736100
vizualizare_studenti_curs,2025-05-07T22:43:33.914018700
adaugare_materie,2025-05-07T22:52:17.914642100
adaugare_materie,2025-05-07T22:52:17.920640400
inscriere_student_la_curs,2025-05-07T22:52:17.923651500
inregistrare_nota,2025-05-07T22:52:17.924150800
inregistrare_nota,2025-05-07T22:52:17.924651600
adaugare_materie,2025-05-08T00:41:54.014114500
adaugare_materie,2025-05-08T00:41:54.021115500
inscriere_student_la_curs,2025-05-08T00:41:54.023113
inregistrare_nota,2025-05-08T00:41:54.024621700
inregistrare_nota,2025-05-08T00:41:54.024621700
listare_cursuri_semestru,2025-05-08T00:42:02.172201500
adaugare_materie,2025-05-08T00:48:42.963828400
adaugare_materie,2025-05-08T00:48:42.969829200
inscriere_student_la_curs,2025-05-08T00:48:42.971829
inregistrare_nota,2025-05-08T00:48:42.972829800
inregistrare_nota,2025-05-08T00:48:42.972829800
listare_note_student,2025-05-08T00:50:04.250322600
medie_student,2025-05-08T00:50:04.253322800
adaugare_materie,2025-05-08T11:17:48.383665
adaugare_materie,2025-05-08T11:17:48.391665100
inscriere_student_la_curs,2025-05-08T11:17:48.430670600
inregistrare_nota,2025-05-08T11:17:48.436174600
inregistrare_nota,2025-05-08T11:17:48.437182400
